{"cameraMode":{"drawMode":0,"name":"Shaded","section":"Shading Mode"},"sceneLighting":true,"audioPlay":false,"sceneViewState":{"showFog":true,"showMaterialUpdate":false,"showSkybox":true,"showFlares":true,"showImageEffects":true,"showParticleSystems":true},"in2DMode":false,"pivot":{"x":-4.287398338317871,"y":2.355353355407715,"z":-0.15934616327285767},"rotation":{"x":-0.11964625120162964,"y":-0.6559875011444092,"z":0.10640784353017807,"w":-0.7375986576080322},"size":2.8578836917877199,"orthographic":false}